ticker,market,name,source
2330.TW,TW,台積電,twse
2327.TW,TW,國巨*,twse
2408.TW,TW,南亞科,twse
2344.TW,TW,華邦電,twse
2454.TW,TW,聯發科,twse
3481.TW,TW,群創,twse
2303.TW,TW,聯電,twse
2492.TW,TW,華新科,twse
4958.TW,TW,臻鼎-KY,twse
2308.TW,TW,台達電,twse
3443.TW,TW,創意,twse
2409.TW,TW,友達,twse
6239.TW,TW,力成,twse
3711.TW,TW,日月光投控,twse
2337.TW,TW,旺宏,twse
3037.TW,TW,欣興,twse
3189.TW,TW,景碩,twse
1303.TW,TW,南亞,twse
2317.TW,TW,鴻海,twse
6770.TW,TW,力積電,twse
2449.TW,TW,京元電子,twse
8046.TW,TW,南電,twse
3008.TW,TW,大立光,twse
3665.TW,TW,貿聯-KY,twse
2455.TW,TW,全新,twse
2313.TW,TW,華通,twse
2383.TW,TW,台光電,twse
2345.TW,TW,智邦,twse
3661.TW,TW,世芯-KY,twse
7769.TW,TW,鴻勁,twse
1301.TW,TW,台塑,twse
8996.TW,TW,高力,twse
6669.TW,TW,緯穎,twse
1802.TW,TW,台玻,twse
3450.TW,TW,聯鈞,twse
2382.TW,TW,廣達,twse
2478.TW,TW,大毅,twse
3653.TW,TW,健策,twse
3017.TW,TW,奇鋐,twse
3090.TW,TW,日電貿,twse
8150.TW,TW,南茂,twse
2002.TW,TW,中鋼,twse
3231.TW,TW,緯創,twse
2472.TW,TW,立隆電,twse
3042.TW,TW,晶技,twse
6116.TW,TW,彩晶,twse
2881.TW,TW,富邦金,twse
2357.TW,TW,華碩,twse
6213.TW,TW,聯茂,twse
2890.TW,TW,永豐金,twse
6919.TW,TW,康霈*,twse
2882.TW,TW,國泰金,twse
6531.TW,TW,愛普*,twse
2379.TW,TW,瑞昱,twse
3034.TW,TW,聯詠,twse
2368.TW,TW,金像電,twse
4904.TW,TW,遠傳,twse
2360.TW,TW,致茂,twse
7610.TW,TW,聯友金屬-創,twse
2301.TW,TW,光寶科,twse
2891.TW,TW,中信金,twse
6285.TW,TW,啟碁,twse
2207.TW,TW,和泰車,twse
2375.TW,TW,凱美,twse
2404.TW,TW,漢唐,twse
6257.TW,TW,矽格,twse
3044.TW,TW,健鼎,twse
6415.TW,TW,矽力*-KY,twse
4919.TW,TW,新唐,twse
2883.TW,TW,凱基金,twse
3036.TW,TW,文曄,twse
2887.TW,TW,台新新光金,twse
3406.TW,TW,玉晶光,twse
2884.TW,TW,玉山金,twse
2464.TW,TW,盟立,twse
3006.TW,TW,晶豪科,twse
2886.TW,TW,兆豐金,twse
1519.TW,TW,華城,twse
2426.TW,TW,鼎元,twse
2603.TW,TW,長榮,twse
1513.TW,TW,中興電,twse
2059.TW,TW,川湖,twse
2376.TW,TW,技嘉,twse
6446.TW,TW,藥華藥,twse
6209.TW,TW,今國光,twse
2486.TW,TW,一詮,twse
2885.TW,TW,元大金,twse
2618.TW,TW,長榮航,twse
3673.TW,TW,TPK-KY,twse
2324.TW,TW,仁寶,twse
3532.TW,TW,台勝科,twse
2880.TW,TW,華南金,twse
2351.TW,TW,順德,twse
2356.TW,TW,英業達,twse
3533.TW,TW,嘉澤,twse
2458.TW,TW,義隆,twse
2892.TW,TW,第一金,twse
3583.TW,TW,辛耘,twse
1605.TW,TW,華新,twse
6139.TW,TW,亞翔,twse
4938.TW,TW,和碩,twse
6451.TW,TW,訊芯-KY,twse
6449.TW,TW,鈺邦,twse
3702.TW,TW,大聯大,twse
2610.TW,TW,華航,twse
8028.TW,TW,昇陽半導體,twse
6271.TW,TW,同欣電,twse
6789.TW,TW,采鈺,twse
6155.TW,TW,鈞寶,twse
2395.TW,TW,研華,twse
1216.TW,TW,統一,twse
2388.TW,TW,威盛,twse
3715.TW,TW,定穎投控,twse
1503.TW,TW,士電,twse
2481.TW,TW,強茂,twse
3035.TW,TW,智原,twse
2441.TW,TW,超豐,twse
6515.TW,TW,穎崴,twse
5871.TW,TW,中租-KY,twse
2451.TW,TW,創見,twse
2609.TW,TW,陽明,twse
6672.TW,TW,騰輝電子-KY,twse
1326.TW,TW,台化,twse
1590.TW,TW,亞德客-KY,twse
2484.TW,TW,希華,twse
2353.TW,TW,宏碁,twse
5269.TW,TW,祥碩,twse
8112.TW,TW,至上,twse
4764.TW,TW,雙鍵,twse
2377.TW,TW,微星,twse
2342.TW,TW,茂矽,twse
8210.TW,TW,勤誠,twse
2049.TW,TW,上銀,twse
6805.TW,TW,富世達,twse
2912.TW,TW,統一超,twse
6197.TW,TW,佳必琪,twse
2474.TW,TW,可成,twse
3016.TW,TW,嘉晶,twse
4722.TW,TW,國精化,twse
3312.TW,TW,弘憶股,twse
6269.TW,TW,台郡,twse
3026.TW,TW,禾伸堂,twse
2412.TW,TW,中華電,twse
2302.TW,TW,麗正,twse
1504.TW,TW,東元,twse
2915.TW,TW,潤泰全,twse
6781.TW,TW,AES-KY,twse
2489.TW,TW,瑞軒,twse
3019.TW,TW,亞光,twse
6278.TW,TW,台表科,twse
6442.TW,TW,光聖,twse
6742.TW,TW,澤米,twse
8081.TW,TW,致新,twse
2428.TW,TW,興勤,twse
6196.TW,TW,帆宣,twse
2105.TW,TW,正新,twse
2316.TW,TW,楠梓電,twse
9904.TW,TW,寶成,twse
1402.TW,TW,遠東新,twse
4967.TW,TW,十銓,twse
2367.TW,TW,燿華,twse
2347.TW,TW,聯強,twse
1708.TW,TW,東鹼,twse
6719.TW,TW,力智,twse
1727.TW,TW,中華化,twse
7788.TW,TW,松川精密,twse
6176.TW,TW,瑞儀,twse
1409.TW,TW,新纖,twse
2329.TW,TW,華泰,twse
8926.TW,TW,台汽電,twse
1319.TW,TW,東陽,twse
6282.TW,TW,康舒,twse
2467.TW,TW,志聖,twse
2401.TW,TW,凌陽,twse
1477.TW,TW,聚陽,twse
3045.TW,TW,台灣大,twse
1476.TW,TW,儒鴻,twse
2369.TW,TW,菱生,twse
2027.TW,TW,大成鋼,twse
2399.TW,TW,映泰,twse
2834.TW,TW,臺企銀,twse
4551.TW,TW,智伸科,twse
2542.TW,TW,興富發,twse
3714.TW,TW,富采,twse
8110.TW,TW,華東,twse
2606.TW,TW,裕民,twse
2801.TW,TW,彰銀,twse
2312.TW,TW,金寶,twse
6166.TW,TW,凌華,twse
3706.TW,TW,神達,twse
3060.TW,TW,銘異,twse
4916.TW,TW,事欣科,twse
6202.TW,TW,盛群,twse
5880.TW,TW,合庫金,twse
1101.TW,TW,台泥,twse
3048.TW,TW,益登,twse
2340.TW,TW,台亞,twse
3376.TW,TW,新日興,twse
2493.TW,TW,揚博,twse
6005.TW,TW,群益證,twse
2385.TW,TW,群光,twse
4976.TW,TW,佳凌,twse
1717.TW,TW,長興,twse
8016.TW,TW,矽創,twse
8039.TW,TW,台虹,twse
6414.TW,TW,樺漢,twse
6505.TW,TW,台塑化,twse
2615.TW,TW,萬海,twse
1905.TW,TW,華紙,twse
3596.TW,TW,智易,twse
3576.TW,TW,聯合再生,twse
7750.TW,TW,新代,twse
1102.TW,TW,亞泥,twse
6944.TW,TW,兆聯實業,twse
6949.TW,TW,沛爾生醫-創,twse
6831.TW,TW,邁科,twse
6526.TW,TW,達發,twse
2495.TW,TW,普安,twse
1560.TW,TW,中砂,twse
1714.TW,TW,和桐,twse
8021.TW,TW,尖點,twse
3059.TW,TW,華晶科,twse
5471.TW,TW,松翰,twse
3413.TW,TW,京鼎,twse
8261.TW,TW,富鼎,twse
2406.TW,TW,國碩,twse
6706.TW,TW,惠特,twse
2006.TW,TW,東和鋼鐵,twse
3014.TW,TW,聯陽,twse
6525.TW,TW,捷敏-KY,twse
6191.TW,TW,精成科,twse
5876.TW,TW,上海商銀,twse
3605.TW,TW,宏致,twse
3030.TW,TW,德律,twse
2363.TW,TW,矽統,twse
2355.TW,TW,敬鵬,twse
2402.TW,TW,毅嘉,twse
3504.TW,TW,揚明光,twse
6472.TW,TW,保瑞,twse
6861.TW,TW,睿生光電,twse
6409.TW,TW,旭隼,twse
6691.TW,TW,洋基工程,twse
3149.TW,TW,正達,twse
2485.TW,TW,兆赫,twse
6456.TW,TW,GIS-KY,twse
6153.TW,TW,嘉聯益,twse
4989.TW,TW,榮科,twse
9945.TW,TW,潤泰新,twse
2633.TW,TW,台灣高鐵,twse
2845.TW,TW,遠東銀,twse
2354.TW,TW,鴻準,twse
8131.TW,TW,福懋科,twse
6830.TW,TW,汎銓,twse
4576.TW,TW,大銀微系統,twse
3023.TW,TW,信邦,twse
2855.TW,TW,統一證,twse
5434.TW,TW,崇越,twse
4739.TW,TW,康普,twse
8271.TW,TW,宇瞻,twse
6443.TW,TW,元晶,twse
8464.TW,TW,億豐,twse
2498.TW,TW,宏達電,twse
2812.TW,TW,台中銀,twse
1563.TW,TW,巧新,twse
2371.TW,TW,大同,twse
9105.TW,TW,泰金寶-DR,twse
2548.TW,TW,華固,twse
4977.TW,TW,眾達-KY,twse
3563.TW,TW,牧德,twse
2476.TW,TW,鉅祥,twse
2605.TW,TW,新興,twse
8454.TW,TW,富邦媒,twse
2241.TW,TW,艾姆勒,twse
3135.TW,TW,凌航,twse
2637.TW,TW,慧洋-KY,twse
6177.TW,TW,達麗,twse
3305.TW,TW,昇貿,twse
5285.TW,TW,界霖,twse
3005.TW,TW,神基,twse
1597.TW,TW,直得,twse
2520.TW,TW,冠德,twse
3041.TW,TW,揚智,twse
6214.TW,TW,精誠,twse
2436.TW,TW,偉詮電,twse
1711.TW,TW,永光,twse
1514.TW,TW,亞力,twse
3528.TW,TW,安馳,twse
8033.TW,TW,雷虎,twse
2338.TW,TW,光罩,twse
3010.TW,TW,華立,twse
6412.TW,TW,群電,twse
8163.TW,TW,達方,twse
6757.TW,TW,台灣虎航,twse
8105.TW,TW,凌巨,twse
7799.TW,TW,禾榮科,twse
9910.TW,TW,豐泰,twse
2501.TW,TW,國建,twse
6224.TW,TW,聚鼎,twse
2483.TW,TW,百容,twse
6670.TW,TW,復盛應用,twse
4915.TW,TW,致伸,twse
2332.TW,TW,友訊,twse
2359.TW,TW,所羅門,twse
5243.TW,TW,乙盛-KY,twse
3167.TW,TW,大量,twse
3592.TW,TW,瑞鼎,twse
4906.TW,TW,正文,twse
6668.TW,TW,中揚光,twse
6658.TW,TW,聯策,twse
2374.TW,TW,佳能,twse
8070.TW,TW,長華*,twse
4961.TW,TW,天鈺,twse
8215.TW,TW,明基材,twse
8104.TW,TW,錸寶,twse
2421.TW,TW,建準,twse
4763.TW,TW,材料*-KY,twse
9958.TW,TW,世紀鋼,twse
2305.TW,TW,全友,twse
5284.TW,TW,jpp-KY,twse
6715.TW,TW,嘉基,twse
1809.TW,TW,中釉,twse
2393.TW,TW,億光,twse
2328.TW,TW,廣宇,twse
3003.TW,TW,健和興,twse
2101.TW,TW,南港,twse
7822.TW,TW,倍利科,twse
2323.TW,TW,中環,twse
8422.TW,TW,可寧衛*,twse
3028.TW,TW,增你強,twse
3013.TW,TW,晟銘電,twse
3055.TW,TW,蔚華科,twse
3033.TW,TW,威健,twse
5388.TW,TW,中磊,twse
3015.TW,TW,全漢,twse
6862.TW,TW,三集瑞-KY,twse
2515.TW,TW,中工,twse
3704.TW,TW,合勤控,twse
6491.TW,TW,晶碩,twse
1215.TW,TW,卜蜂,twse
6962.TW,TW,奕力-KY,twse
1582.TW,TW,信錦,twse
2439.TW,TW,美律,twse
5234.TW,TW,達興材料,twse
6426.TW,TW,統新,twse
4526.TW,TW,東台,twse
3645.TW,TW,達邁,twse
1773.TW,TW,勝一,twse
2504.TW,TW,國產,twse
4927.TW,TW,泰鼎-KY,twse
5534.TW,TW,長虹,twse
1609.TW,TW,大亞,twse
4960.TW,TW,誠美材,twse
5469.TW,TW,瀚宇博,twse
7749.TW,TW,意騰-KY,twse
2233.TW,TW,宇隆,twse
3717.TW,TW,聯嘉投控,twse
3094.TW,TW,聯傑,twse
4766.TW,TW,南寶,twse
1795.TW,TW,美時,twse
1568.TW,TW,倉佑,twse
1210.TW,TW,大成,twse
6438.TW,TW,迅得,twse
2413.TW,TW,環科,twse
9907.TW,TW,統一實,twse
2851.TW,TW,中再保,twse
1314.TW,TW,中石化,twse
9933.TW,TW,中鼎,twse
2645.TW,TW,長榮航太,twse
2731.TW,TW,雄獅,twse
1722.TW,TW,台肥,twse
1229.TW,TW,聯華,twse
2838.TW,TW,聯邦銀,twse
3535.TW,TW,晶彩科,twse
1907.TW,TW,永豐餘,twse
2646.TW,TW,星宇航空,twse
2348.TW,TW,海悅,twse
2867.TW,TW,三商壽,twse
6695.TW,TW,芯鼎,twse
9921.TW,TW,巨大,twse
1312.TW,TW,國喬,twse
6937.TW,TW,天虹,twse
6168.TW,TW,宏齊,twse
5522.TW,TW,遠雄,twse
8438.TW,TW,昶昕,twse
1342.TW,TW,八貫,twse
9939.TW,TW,宏全,twse
2425.TW,TW,承啟,twse
2352.TW,TW,佳世達,twse
3380.TW,TW,明泰,twse
6206.TW,TW,飛捷,twse
2597.TW,TW,潤弘,twse
7795.TW,TW,長廣,twse
1718.TW,TW,中纖,twse
6579.TW,TW,研揚,twse
2457.TW,TW,飛宏,twse
3047.TW,TW,訊舟,twse
3209.TW,TW,全科,twse
2634.TW,TW,漢翔,twse
3062.TW,TW,建漢,twse
8114.TW,TW,振樺電,twse
3530.TW,TW,晶相光,twse
1304.TW,TW,台聚,twse
9917.TW,TW,中保科,twse
6215.TW,TW,和椿,twse
1808.TW,TW,潤隆,twse
6834.TW,TW,天二科技,twse
2543.TW,TW,皇昌,twse
2201.TW,TW,裕隆,twse
7722.TW,TW,LINEPAY,twse
3022.TW,TW,威強電,twse
4540.TW,TW,全球傳動,twse
3356.TW,TW,奇偶,twse
3049.TW,TW,精金,twse
1310.TW,TW,台苯,twse
3257.TW,TW,虹冠電,twse
3550.TW,TW,聯穎,twse
4968.TW,TW,立積,twse
9941.TW,TW,裕融,twse
3652.TW,TW,精聯,twse
1608.TW,TW,華榮,twse
6799.TW,TW,來頡,twse
8162.TW,TW,微矽電子-創,twse
6189.TW,TW,豐藝,twse
2889.TW,TW,國票金,twse
3515.TW,TW,華擎,twse
2009.TW,TW,第一銅,twse
2103.TW,TW,台橡,twse
2727.TW,TW,王品,twse
2480.TW,TW,敦陽科,twse
3002.TW,TW,歐格,twse
3708.TW,TW,上緯投控,twse
1904.TW,TW,正隆,twse
6585.TW,TW,鼎基,twse
3545.TW,TW,敦泰,twse
7740.TW,TW,熙特爾-創,twse
2362.TW,TW,藍天,twse
4952.TW,TW,凌通,twse
3694.TW,TW,海華,twse
4770.TW,TW,上品,twse
4169.TW,TW,泰宗,twse
1736.TW,TW,喬山,twse
2331.TW,TW,精英,twse
6890.TW,TW,來億-KY,twse
2536.TW,TW,宏普,twse
8103.TW,TW,瀚荃,twse
2850.TW,TW,新產,twse
2903.TW,TW,遠百,twse
1515.TW,TW,力山,twse
7711.TW,TW,永擎,twse
3029.TW,TW,零壹,twse
6605.TW,TW,帝寶,twse
2537.TW,TW,聯上發,twse
6120.TW,TW,達運,twse
2014.TW,TW,中鴻,twse
2405.TW,TW,輔信,twse
2243.TW,TW,宏旭-KY,twse
2465.TW,TW,麗臺,twse
2527.TW,TW,宏璟,twse
1528.TW,TW,恩德,twse
2535.TW,TW,達欣工,twse
7827.TW,TW,漢康-KY創,twse
1710.TW,TW,東聯,twse
8476.TW,TW,台境*,twse
6994.TW,TW,富威電力,twse
2072.TW,TW,世紀風電,twse
2206.TW,TW,三陽工業,twse
9914.TW,TW,美利達,twse
2539.TW,TW,櫻花建,twse
2460.TW,TW,建通,twse
4949.TW,TW,有成精密,twse
3004.TW,TW,豐達科,twse
8473.TW,TW,山林水,twse
2349.TW,TW,錸德,twse
2392.TW,TW,正崴,twse
6782.TW,TW,視陽,twse
3092.TW,TW,鴻碩,twse
1227.TW,TW,佳格,twse
2420.TW,TW,新巨,twse
2010.TW,TW,春源,twse
9802.TW,TW,鈺齊-KY,twse
2417.TW,TW,圓剛,twse
2365.TW,TW,昆盈,twse
1440.TW,TW,南紡,twse
1536.TW,TW,和大,twse
2540.TW,TW,愛山林,twse
2820.TW,TW,華票,twse
2753.TW,TW,八方雲集,twse
9946.TW,TW,三發地產,twse
1313.TW,TW,聯成,twse
1309.TW,TW,台達化,twse
1305.TW,TW,華夏,twse
3138.TW,TW,耀登,twse
6698.TW,TW,旭暉應材,twse
7780.TW,TW,大研生醫*,twse
6205.TW,TW,詮欣,twse
6901.TW,TW,鑽石投資,twse
1723.TW,TW,中碳,twse
4585.TW,TW,達明,twse
9938.TW,TW,百和,twse
2497.TW,TW,怡利電,twse
6533.TW,TW,晶心科,twse
2442.TW,TW,新美齊,twse
2897.TW,TW,王道銀行,twse
3021.TW,TW,鴻名,twse
7768.TW,TW,頌勝科技,twse
6753.TW,TW,龍德造船,twse
6589.TW,TW,台康生技,twse
3031.TW,TW,佰鴻,twse
2211.TW,TW,長榮鋼,twse
3338.TW,TW,泰碩,twse
4912.TW,TW,聯德控股-KY,twse
1909.TW,TW,榮成,twse
2547.TW,TW,日勝生,twse
4569.TW,TW,六方科-KY,twse
3051.TW,TW,力特,twse
1721.TW,TW,三晃,twse
6405.TW,TW,悅城,twse
3032.TW,TW,偉訓,twse
1308.TW,TW,亞聚,twse
6756.TW,TW,威鋒電子,twse
4571.TW,TW,鈞興-KY,twse
4536.TW,TW,拓凱,twse
4583.TW,TW,台灣精銳,twse
1434.TW,TW,福懋,twse
8374.TW,TW,羅昇,twse
7765.TW,TW,中華資安,twse
9906.TW,TW,欣巴巴,twse
4956.TW,TW,光鋐,twse
1455.TW,TW,集盛,twse
1104.TW,TW,環泥,twse
1522.TW,TW,堤維西,twse
4532.TW,TW,瑞智,twse
2491.TW,TW,吉祥全,twse
1612.TW,TW,宏泰,twse
2204.TW,TW,中華,twse
2852.TW,TW,第一保,twse
6873.TW,TW,泓德能源,twse
6142.TW,TW,友勁,twse
3617.TW,TW,碩天,twse
6854.TW,TW,錼創科技-KY創,twse
1810.TW,TW,和成,twse
2236.TW,TW,百達-KY,twse
2414.TW,TW,精技,twse
3701.TW,TW,大眾控,twse
6869.TW,TW,雲豹能源,twse
2108.TW,TW,南帝,twse
6024.TW,TW,群益期,twse
5007.TW,TW,三星,twse
3346.TW,TW,麗清,twse
6141.TW,TW,柏承,twse
5515.TW,TW,建國,twse
4566.TW,TW,時碩工業,twse
3416.TW,TW,融程電,twse
5521.TW,TW,工信,twse
2015.TW,TW,豐興,twse
7721.TW,TW,微程式,twse
2104.TW,TW,國際中橡,twse
4306.TW,TW,炎洲,twse
5288.TW,TW,豐祥-KY,twse
4755.TW,TW,三福化,twse
4746.TW,TW,台耀,twse
2836.TW,TW,高雄銀,twse
2832.TW,TW,台產,twse
3046.TW,TW,建碁,twse
1712.TW,TW,興農,twse
2612.TW,TW,中航,twse
8478.TW,TW,東哥遊艇,twse
6592.TW,TW,和潤企業,twse
8249.TW,TW,菱光,twse
1436.TW,TW,華友聯,twse
3588.TW,TW,通嘉,twse
1623.TW,TW,大東電,twse
3591.TW,TW,艾笛森,twse
1618.TW,TW,合機,twse
2913.TW,TW,農林,twse
2607.TW,TW,榮運,twse
2419.TW,TW,仲琦,twse
6243.TW,TW,迅杰,twse
1709.TW,TW,和益,twse
3311.TW,TW,閎暉,twse
4771.TW,TW,望隼,twse
2208.TW,TW,台船,twse
8462.TW,TW,柏文,twse
5222.TW,TW,全訊,twse
1307.TW,TW,三芳,twse
2258.TW,TW,鴻華先進-創,twse
3296.TW,TW,勝德,twse
1232.TW,TW,大統益,twse
2023.TW,TW,燁輝,twse
3703.TW,TW,欣陸,twse
6768.TW,TW,志強-KY,twse
9940.TW,TW,信義,twse
4720.TW,TW,德淵,twse
2031.TW,TW,新光鋼,twse
2431.TW,TW,聯昌,twse
2617.TW,TW,台航,twse
3321.TW,TW,同泰,twse
5706.TW,TW,鳳凰,twse
1532.TW,TW,勤美,twse
1789.TW,TW,神隆,twse
9911.TW,TW,櫻花,twse
5519.TW,TW,隆大,twse
2034.TW,TW,允強,twse
5484.TW,TW,慧友,twse
1316.TW,TW,上曜,twse
1725.TW,TW,元禎,twse
6909.TW,TW,創控,twse
1707.TW,TW,葡萄王,twse
3501.TW,TW,維熹,twse
5607.TW,TW,遠雄港,twse
7818.TW,TW,溢泰實業,twse
7786.TW,TW,東方風能,twse
8011.TW,TW,台通,twse
2545.TW,TW,皇翔,twse
2397.TW,TW,友通,twse
2462.TW,TW,良得電,twse
2453.TW,TW,凌群,twse
2707.TW,TW,晶華,twse
2534.TW,TW,宏盛,twse
3025.TW,TW,星通,twse
3056.TW,TW,富華新,twse
2630.TW,TW,亞航,twse
6112.TW,TW,邁達特,twse
1524.TW,TW,耿鼎,twse
7730.TW,TW,暉盛-創,twse
2468.TW,TW,華經,twse
6550.TW,TW,北極星藥業-KY,twse
2030.TW,TW,彰源,twse
3437.TW,TW,榮創,twse
6117.TW,TW,迎廣,twse
6277.TW,TW,宏正,twse
9136.TW,TW,巨騰-DR,twse
6235.TW,TW,華孚,twse
8213.TW,TW,志超,twse
4164.TW,TW,承業醫,twse
1256.TW,TW,鮮活果汁-KY,twse
1218.TW,TW,泰山,twse
2723.TW,TW,美食-KY,twse
5292.TW,TW,華懋,twse
5258.TW,TW,虹堡,twse
2530.TW,TW,華建,twse
2461.TW,TW,光群雷,twse
4137.TW,TW,麗豐-KY,twse
6133.TW,TW,金橋,twse
2636.TW,TW,台驊控股,twse
6776.TW,TW,展碁國際,twse
2466.TW,TW,冠西電,twse
6689.TW,TW,伊雲谷,twse
4807.TW,TW,日成-KY,twse
6906.TW,TW,現觀科,twse
2247.TW,TW,汎德永業,twse
2434.TW,TW,統懋,twse
4934.TW,TW,太極,twse
3229.TW,TW,晟鈦,twse
2387.TW,TW,精元,twse
6165.TW,TW,浪凡,twse
2614.TW,TW,東森,twse
1231.TW,TW,聯華食,twse
4142.TW,TW,國光生,twse
2228.TW,TW,劍麟,twse
1760.TW,TW,寶齡富錦,twse
1529.TW,TW,樂事綠能,twse
2511.TW,TW,太子,twse
1432.TW,TW,大魯閣,twse
2415.TW,TW,錩新,twse
8499.TW,TW,鼎炫-KY,twse
6416.TW,TW,瑞祺電通,twse
6625.TW,TW,必應,twse
2905.TW,TW,三商,twse
1611.TW,TW,中電,twse
5203.TW,TW,訊連,twse
1471.TW,TW,首利,twse
4441.TW,TW,振大環球,twse
6152.TW,TW,百一,twse
1786.TW,TW,科妍,twse
1616.TW,TW,億泰,twse
2488.TW,TW,漢平,twse
6933.TW,TW,AMAX-KY,twse
4555.TW,TW,氣立,twse
6902.TW,TW,GOGOLOOK,twse
2546.TW,TW,根基,twse
5225.TW,TW,東科-KY,twse
3011.TW,TW,今皓,twse
8341.TW,TW,日友,twse
2429.TW,TW,銘旺科,twse
2231.TW,TW,為升,twse
6934.TW,TW,心誠鎂,twse
5306.TW,TW,桂盟,twse
1442.TW,TW,名軒,twse
1449.TW,TW,佳和,twse
6806.TW,TW,森崴能源,twse
6957.TW,TW,裕慶-KY,twse
1321.TW,TW,大洋,twse
2106.TW,TW,建大,twse
5283.TW,TW,禾聯碩,twse
2505.TW,TW,國揚,twse
2524.TW,TW,京城,twse
6477.TW,TW,安集,twse
6192.TW,TW,巨路,twse
4562.TW,TW,穎漢,twse
4104.TW,TW,佳醫,twse
3024.TW,TW,憶聲,twse
2427.TW,TW,三商電,twse
2459.TW,TW,敦吉,twse
5608.TW,TW,四維航,twse
6552.TW,TW,易華電,twse
6541.TW,TW,泰福-KY,twse
3705.TW,TW,永信,twse
3518.TW,TW,柏騰,twse
2364.TW,TW,倫飛,twse
4590.TW,TW,富田-創,twse
1720.TW,TW,生達,twse
2114.TW,TW,鑫永銓,twse
4545.TW,TW,銘鈺,twse
6923.TW,TW,中台,twse
6558.TW,TW,興能高,twse
3050.TW,TW,鈺德,twse
4736.TW,TW,泰博,twse
1734.TW,TW,杏輝,twse
6226.TW,TW,光鼎,twse
1423.TW,TW,利華,twse
6792.TW,TW,詠業,twse
3543.TW,TW,州巧,twse
6230.TW,TW,尼得科超眾,twse
2528.TW,TW,皇普,twse
8072.TW,TW,陞泰,twse
2704.TW,TW,國賓,twse
3130.TW,TW,一零四,twse
6108.TW,TW,競國,twse
3040.TW,TW,遠見,twse
6164.TW,TW,華興,twse
1466.TW,TW,聚隆,twse
1444.TW,TW,力麗,twse
9925.TW,TW,新保,twse
2816.TW,TW,旺旺保,twse
2020.TW,TW,美亞,twse
1762.TW,TW,中化生,twse
1339.TW,TW,昭輝,twse
2107.TW,TW,厚生,twse
4119.TW,TW,旭富,twse
3622.TW,TW,洋華,twse
4560.TW,TW,強信-KY,twse
3447.TW,TW,展達,twse
9908.TW,TW,大台北,twse
2601.TW,TW,益航,twse
6573.TW,TW,虹揚-KY,twse
9934.TW,TW,成霖,twse
1603.TW,TW,華電,twse
3679.TW,TW,新至陞,twse
1713.TW,TW,國化,twse
1447.TW,TW,力鵬,twse
6216.TW,TW,居易,twse
8222.TW,TW,寶一,twse
3043.TW,TW,科風,twse
1702.TW,TW,南僑,twse
2025.TW,TW,千興,twse
6272.TW,TW,驊陞,twse
3712.TW,TW,永崴投控,twse
2739.TW,TW,寒舍,twse
6863.TW,TW,永道-KY,twse
5215.TW,TW,科嘉-KY,twse
3027.TW,TW,盛達,twse
1604.TW,TW,聲寶,twse
9955.TW,TW,佳龍,twse
2390.TW,TW,云辰,twse
2013.TW,TW,中鋼構,twse
2450.TW,TW,神腦,twse
2444.TW,TW,兆勁,twse
1225.TW,TW,福懋油,twse
1472.TW,TW,三洋實業,twse
9930.TW,TW,中聯資源,twse
3054.TW,TW,立萬利,twse
4564.TW,TW,元翎,twse
2069.TW,TW,運錩,twse
3607.TW,TW,谷崧,twse
5906.TW,TW,台南-KY,twse
6115.TW,TW,鎰勝,twse
2440.TW,TW,太空梭,twse
6790.TW,TW,永豐實,twse
2471.TW,TW,資通,twse
1315.TW,TW,達新,twse
3058.TW,TW,立德,twse
6885.TW,TW,全福生技,twse
9103.TW,TW,美德醫療-DR,twse
1735.TW,TW,日勝化,twse
1537.TW,TW,廣隆,twse
6591.TW,TW,動力-KY,twse
2423.TW,TW,固緯,twse
2032.TW,TW,新鋼,twse
2029.TW,TW,盛餘,twse
3038.TW,TW,全台,twse
2608.TW,TW,嘉里大榮,twse
9919.TW,TW,康那香,twse
1527.TW,TW,鑽全,twse
1533.TW,TW,車王電,twse
3308.TW,TW,聯德,twse
2762.TW,TW,世界健身-KY,twse
4935.TW,TW,茂林-KY,twse
7821.TW,TW,神數,twse
1587.TW,TW,吉茂,twse
